[
{
  "model": "podcasts.podcastlanguage",
  "pk": 1,
  "fields": {
    "created_at": "2025-11-18T19:38:21.349Z",
    "updated_at": "2025-11-18T19:38:21.349Z",
    "code": "pt",
    "name": "português"
  }
},
{
  "model": "podcasts.podcastlanguage",
  "pk": 2,
  "fields": {
    "created_at": "2025-11-18T19:38:21.351Z",
    "updated_at": "2025-11-18T19:38:21.352Z",
    "code": "en",
    "name": "English"
  }
},
{
  "model": "podcasts.podcast",
  "pk": 1,
  "fields": {
    "created_at": "2025-11-18T19:38:21.359Z",
    "updated_at": "2025-11-18T19:38:21.359Z",
    "name": "Dev Talk",
    "feed": "https://example.com/devtalk/feed",
    "image": "/static/dist/img/podcast-banner.png",
    "language": 2,
    "total_episodes": 0
  }
},
{
  "model": "podcasts.podcast",
  "pk": 2,
  "fields": {
    "created_at": "2025-11-18T19:38:21.361Z",
    "updated_at": "2025-11-18T19:38:21.361Z",
    "name": "Notícias Hoje",
    "feed": "https://example.com/noticias/feed",
    "image": "/static/dist/img/podcast-banner.png",
    "language": 1,
    "total_episodes": 0
  }
},
{
  "model": "podcasts.podcast",
  "pk": 3,
  "fields": {
    "created_at": "2025-11-18T19:44:15.987Z",
    "updated_at": "2025-11-18T19:44:15.987Z",
    "name": "Vieira Ltda.",
    "feed": "https://example.com/ipsa-vero-eligendi/feed",
    "image": "/static/dist/img/podcast-banner.png",
    "language": 1,
    "total_episodes": 0
  }
},
{
  "model": "podcasts.podcast",
  "pk": 4,
  "fields": {
    "created_at": "2025-11-18T19:44:15.987Z",
    "updated_at": "2025-11-18T19:44:15.987Z",
    "name": "da Conceição",
    "feed": "https://example.com/aut-quos/feed",
    "image": "/static/dist/img/podcast-banner.png",
    "language": 2,
    "total_episodes": 0
  }
},
{
  "model": "podcasts.podcast",
  "pk": 5,
  "fields": {
    "created_at": "2025-11-18T19:44:15.987Z",
    "updated_at": "2025-11-18T19:44:15.987Z",
    "name": "Duarte Ltda.",
    "feed": "https://example.com/officia-nam-eaque/feed",
    "image": "/static/dist/img/podcast-banner.png",
    "language": 2,
    "total_episodes": 0
  }
},
{
  "model": "podcasts.podcast",
  "pk": 6,
  "fields": {
    "created_at": "2025-11-18T19:44:15.987Z",
    "updated_at": "2025-11-18T19:44:15.987Z",
    "name": "Moura da Cunha - EI",
    "feed": "https://example.com/quaerat-animi-velit/feed",
    "image": "/static/dist/img/podcast-banner.png",
    "language": 2,
    "total_episodes": 0
  }
},
{
  "model": "podcasts.podcast",
  "pk": 7,
  "fields": {
    "created_at": "2025-11-18T19:44:15.987Z",
    "updated_at": "2025-11-18T19:44:15.988Z",
    "name": "Farias",
    "feed": "https://example.com/illo-ullam-labore/feed",
    "image": "/static/dist/img/podcast-banner.png",
    "language": 2,
    "total_episodes": 0
  }
},
{
  "model": "podcasts.podcast",
  "pk": 8,
  "fields": {
    "created_at": "2025-11-18T19:44:15.987Z",
    "updated_at": "2025-11-18T19:44:15.988Z",
    "name": "Farias - EI",
    "feed": "https://example.com/occaecati-id/feed",
    "image": "/static/dist/img/podcast-banner.png",
    "language": 1,
    "total_episodes": 0
  }
},
{
  "model": "podcasts.podcast",
  "pk": 9,
  "fields": {
    "created_at": "2025-11-18T19:44:15.987Z",
    "updated_at": "2025-11-18T19:44:15.988Z",
    "name": "Ramos S.A.",
    "feed": "https://example.com/veritatis-aliquid/feed",
    "image": "/static/dist/img/podcast-banner.png",
    "language": 1,
    "total_episodes": 0
  }
},
{
  "model": "podcasts.podcast",
  "pk": 10,
  "fields": {
    "created_at": "2025-11-18T19:44:15.987Z",
    "updated_at": "2025-11-18T19:44:15.988Z",
    "name": "da Cruz",
    "feed": "https://example.com/consequuntur/feed",
    "image": "/static/dist/img/podcast-banner.png",
    "language": 2,
    "total_episodes": 0
  }
},
{
  "model": "podcasts.podcast",
  "pk": 11,
  "fields": {
    "created_at": "2025-11-18T19:44:15.987Z",
    "updated_at": "2025-11-18T19:44:15.988Z",
    "name": "Oliveira da Cunha e Filhos",
    "feed": "https://example.com/hic-odit-inventore/feed",
    "image": "/static/dist/img/podcast-banner.png",
    "language": 1,
    "total_episodes": 0
  }
},
{
  "model": "podcasts.podcast",
  "pk": 12,
  "fields": {
    "created_at": "2025-11-18T19:44:15.987Z",
    "updated_at": "2025-11-18T19:44:15.988Z",
    "name": "Vieira Souza - EI",
    "feed": "https://example.com/saepe-nobis-sit/feed",
    "image": "/static/dist/img/podcast-banner.png",
    "language": 2,
    "total_episodes": 0
  }
},
{
  "model": "podcasts.tag",
  "pk": 1,
  "fields": {
    "created_at": "2025-11-18T19:38:21.354Z",
    "updated_at": "2025-11-18T19:38:21.354Z",
    "name": "news"
  }
},
{
  "model": "podcasts.tag",
  "pk": 2,
  "fields": {
    "created_at": "2025-11-18T19:38:21.356Z",
    "updated_at": "2025-11-18T19:38:21.356Z",
    "name": "tech"
  }
},
{
  "model": "podcasts.tag",
  "pk": 3,
  "fields": {
    "created_at": "2025-11-18T19:38:21.357Z",
    "updated_at": "2025-11-18T19:38:21.357Z",
    "name": "ai"
  }
},
{
  "model": "podcasts.tag",
  "pk": 4,
  "fields": {
    "created_at": "2025-11-18T19:44:15.975Z",
    "updated_at": "2025-11-18T19:44:15.976Z",
    "name": "ipsam"
  }
},
{
  "model": "podcasts.tag",
  "pk": 5,
  "fields": {
    "created_at": "2025-11-18T19:44:15.975Z",
    "updated_at": "2025-11-18T19:44:15.976Z",
    "name": "sequi"
  }
},
{
  "model": "podcasts.tag",
  "pk": 6,
  "fields": {
    "created_at": "2025-11-18T19:44:15.975Z",
    "updated_at": "2025-11-18T19:44:15.976Z",
    "name": "consequatur"
  }
},
{
  "model": "podcasts.tag",
  "pk": 7,
  "fields": {
    "created_at": "2025-11-18T19:44:15.975Z",
    "updated_at": "2025-11-18T19:44:15.976Z",
    "name": "voluptatum"
  }
},
{
  "model": "podcasts.tag",
  "pk": 8,
  "fields": {
    "created_at": "2025-11-18T19:44:15.975Z",
    "updated_at": "2025-11-18T19:44:15.976Z",
    "name": "dolores"
  }
},
{
  "model": "podcasts.tag",
  "pk": 9,
  "fields": {
    "created_at": "2025-11-18T19:44:15.975Z",
    "updated_at": "2025-11-18T19:44:15.976Z",
    "name": "sed"
  }
},
{
  "model": "podcasts.tag",
  "pk": 10,
  "fields": {
    "created_at": "2025-11-18T19:44:15.975Z",
    "updated_at": "2025-11-18T19:44:15.976Z",
    "name": "impedit"
  }
},
{
  "model": "podcasts.tag",
  "pk": 11,
  "fields": {
    "created_at": "2025-11-18T19:44:15.975Z",
    "updated_at": "2025-11-18T19:44:15.976Z",
    "name": "dolor"
  }
},
{
  "model": "podcasts.tag",
  "pk": 12,
  "fields": {
    "created_at": "2025-11-18T19:44:15.975Z",
    "updated_at": "2025-11-18T19:44:15.976Z",
    "name": "occaecati"
  }
},
{
  "model": "podcasts.tag",
  "pk": 13,
  "fields": {
    "created_at": "2025-11-18T19:44:15.975Z",
    "updated_at": "2025-11-18T19:44:15.977Z",
    "name": "temporibus"
  }
},
{
  "model": "podcasts.tag",
  "pk": 14,
  "fields": {
    "created_at": "2025-11-18T19:44:15.975Z",
    "updated_at": "2025-11-18T19:44:15.977Z",
    "name": "aliquam"
  }
},
{
  "model": "podcasts.tag",
  "pk": 15,
  "fields": {
    "created_at": "2025-11-18T19:44:15.975Z",
    "updated_at": "2025-11-18T19:44:15.977Z",
    "name": "pariatur"
  }
},
{
  "model": "podcasts.tag",
  "pk": 16,
  "fields": {
    "created_at": "2025-11-18T19:44:15.975Z",
    "updated_at": "2025-11-18T19:44:15.977Z",
    "name": "enim43"
  }
},
{
  "model": "podcasts.tag",
  "pk": 17,
  "fields": {
    "created_at": "2025-11-18T19:44:15.975Z",
    "updated_at": "2025-11-18T19:44:15.977Z",
    "name": "ullam23"
  }
},
{
  "model": "podcasts.tag",
  "pk": 18,
  "fields": {
    "created_at": "2025-11-18T19:44:15.975Z",
    "updated_at": "2025-11-18T19:44:15.977Z",
    "name": "esse"
  }
},
{
  "model": "podcasts.tag",
  "pk": 19,
  "fields": {
    "created_at": "2025-11-18T19:44:15.975Z",
    "updated_at": "2025-11-18T19:44:15.977Z",
    "name": "laborum"
  }
},
{
  "model": "podcasts.tag",
  "pk": 20,
  "fields": {
    "created_at": "2025-11-18T19:44:15.975Z",
    "updated_at": "2025-11-18T19:44:15.977Z",
    "name": "totam"
  }
},
{
  "model": "podcasts.tag",
  "pk": 21,
  "fields": {
    "created_at": "2025-11-18T19:44:15.975Z",
    "updated_at": "2025-11-18T19:44:15.977Z",
    "name": "fugiat"
  }
},
{
  "model": "podcasts.tag",
  "pk": 22,
  "fields": {
    "created_at": "2025-11-18T19:44:15.975Z",
    "updated_at": "2025-11-18T19:44:15.977Z",
    "name": "porro"
  }
},
{
  "model": "podcasts.tag",
  "pk": 23,
  "fields": {
    "created_at": "2025-11-18T19:44:15.975Z",
    "updated_at": "2025-11-18T19:44:15.977Z",
    "name": "vel"
  }
},
{
  "model": "podcasts.tag",
  "pk": 24,
  "fields": {
    "created_at": "2025-11-18T19:44:15.975Z",
    "updated_at": "2025-11-18T19:44:15.977Z",
    "name": "unde"
  }
},
{
  "model": "podcasts.tag",
  "pk": 25,
  "fields": {
    "created_at": "2025-11-18T19:44:15.975Z",
    "updated_at": "2025-11-18T19:44:15.977Z",
    "name": "quaerat"
  }
},
{
  "model": "podcasts.tag",
  "pk": 26,
  "fields": {
    "created_at": "2025-11-18T19:44:15.975Z",
    "updated_at": "2025-11-18T19:44:15.977Z",
    "name": "dolorum"
  }
},
{
  "model": "podcasts.tag",
  "pk": 27,
  "fields": {
    "created_at": "2025-11-18T19:44:15.975Z",
    "updated_at": "2025-11-18T19:44:15.977Z",
    "name": "maxime"
  }
},
{
  "model": "podcasts.tag",
  "pk": 28,
  "fields": {
    "created_at": "2025-11-18T19:44:15.975Z",
    "updated_at": "2025-11-18T19:44:15.977Z",
    "name": "sit"
  }
},
{
  "model": "podcasts.tag",
  "pk": 29,
  "fields": {
    "created_at": "2025-11-18T19:44:15.975Z",
    "updated_at": "2025-11-18T19:44:15.977Z",
    "name": "sequi29"
  }
},
{
  "model": "podcasts.tag",
  "pk": 30,
  "fields": {
    "created_at": "2025-11-18T19:44:15.975Z",
    "updated_at": "2025-11-18T19:44:15.977Z",
    "name": "corrupti"
  }
},
{
  "model": "podcasts.tag",
  "pk": 31,
  "fields": {
    "created_at": "2025-11-18T19:44:15.975Z",
    "updated_at": "2025-11-18T19:44:15.977Z",
    "name": "officiis"
  }
},
{
  "model": "podcasts.tag",
  "pk": 32,
  "fields": {
    "created_at": "2025-11-18T19:44:15.975Z",
    "updated_at": "2025-11-18T19:44:15.977Z",
    "name": "facere"
  }
},
{
  "model": "podcasts.tag",
  "pk": 33,
  "fields": {
    "created_at": "2025-11-18T19:44:15.975Z",
    "updated_at": "2025-11-18T19:44:15.977Z",
    "name": "blanditiis"
  }
},
{
  "model": "podcasts.tag",
  "pk": 34,
  "fields": {
    "created_at": "2025-11-18T19:44:15.975Z",
    "updated_at": "2025-11-18T19:44:15.977Z",
    "name": "quo"
  }
},
{
  "model": "podcasts.tag",
  "pk": 35,
  "fields": {
    "created_at": "2025-11-18T19:44:15.975Z",
    "updated_at": "2025-11-18T19:44:15.977Z",
    "name": "numquam"
  }
},
{
  "model": "podcasts.tag",
  "pk": 36,
  "fields": {
    "created_at": "2025-11-18T19:44:15.976Z",
    "updated_at": "2025-11-18T19:44:15.977Z",
    "name": "impedit18"
  }
},
{
  "model": "podcasts.tag",
  "pk": 37,
  "fields": {
    "created_at": "2025-11-18T19:44:15.976Z",
    "updated_at": "2025-11-18T19:44:15.977Z",
    "name": "tempora"
  }
},
{
  "model": "podcasts.tag",
  "pk": 38,
  "fields": {
    "created_at": "2025-11-18T19:44:15.976Z",
    "updated_at": "2025-11-18T19:44:15.977Z",
    "name": "minus"
  }
},
{
  "model": "podcasts.tag",
  "pk": 39,
  "fields": {
    "created_at": "2025-11-18T19:44:15.976Z",
    "updated_at": "2025-11-18T19:44:15.977Z",
    "name": "dolorem"
  }
},
{
  "model": "podcasts.tag",
  "pk": 40,
  "fields": {
    "created_at": "2025-11-18T19:44:15.976Z",
    "updated_at": "2025-11-18T19:44:15.977Z",
    "name": "repellat"
  }
},
{
  "model": "podcasts.tag",
  "pk": 41,
  "fields": {
    "created_at": "2025-11-18T19:44:15.976Z",
    "updated_at": "2025-11-18T19:44:15.977Z",
    "name": "repudiandae"
  }
},
{
  "model": "podcasts.tag",
  "pk": 42,
  "fields": {
    "created_at": "2025-11-18T19:44:15.976Z",
    "updated_at": "2025-11-18T19:44:15.977Z",
    "name": "ex"
  }
},
{
  "model": "podcasts.tag",
  "pk": 43,
  "fields": {
    "created_at": "2025-11-18T19:44:15.976Z",
    "updated_at": "2025-11-18T19:44:15.977Z",
    "name": "perspiciatis"
  }
},
{
  "model": "podcasts.tag",
  "pk": 44,
  "fields": {
    "created_at": "2025-11-18T19:44:15.976Z",
    "updated_at": "2025-11-18T19:44:15.977Z",
    "name": "deserunt"
  }
},
{
  "model": "podcasts.tag",
  "pk": 45,
  "fields": {
    "created_at": "2025-11-18T19:44:15.976Z",
    "updated_at": "2025-11-18T19:44:15.977Z",
    "name": "dicta"
  }
},
{
  "model": "podcasts.tag",
  "pk": 46,
  "fields": {
    "created_at": "2025-11-18T19:44:15.976Z",
    "updated_at": "2025-11-18T19:44:15.977Z",
    "name": "quisquam"
  }
},
{
  "model": "podcasts.tag",
  "pk": 47,
  "fields": {
    "created_at": "2025-11-18T19:44:15.976Z",
    "updated_at": "2025-11-18T19:44:15.977Z",
    "name": "corrupti19"
  }
},
{
  "model": "podcasts.tag",
  "pk": 48,
  "fields": {
    "created_at": "2025-11-18T19:44:15.976Z",
    "updated_at": "2025-11-18T19:44:15.977Z",
    "name": "odit"
  }
},
{
  "model": "podcasts.tag",
  "pk": 49,
  "fields": {
    "created_at": "2025-11-18T19:44:15.976Z",
    "updated_at": "2025-11-18T19:44:15.977Z",
    "name": "ipsam5"
  }
},
{
  "model": "podcasts.tag",
  "pk": 50,
  "fields": {
    "created_at": "2025-11-18T19:44:15.976Z",
    "updated_at": "2025-11-18T19:44:15.977Z",
    "name": "in"
  }
},
{
  "model": "podcasts.tag",
  "pk": 51,
  "fields": {
    "created_at": "2025-11-18T19:44:15.976Z",
    "updated_at": "2025-11-18T19:44:15.977Z",
    "name": "voluptatem"
  }
},
{
  "model": "podcasts.tag",
  "pk": 52,
  "fields": {
    "created_at": "2025-11-18T19:44:15.976Z",
    "updated_at": "2025-11-18T19:44:15.977Z",
    "name": "occaecati86"
  }
},
{
  "model": "podcasts.tag",
  "pk": 53,
  "fields": {
    "created_at": "2025-11-18T19:44:15.976Z",
    "updated_at": "2025-11-18T19:44:15.977Z",
    "name": "doloribus"
  }
},
{
  "model": "podcasts.tag",
  "pk": 54,
  "fields": {
    "created_at": "2025-11-18T19:44:15.976Z",
    "updated_at": "2025-11-18T19:44:15.977Z",
    "name": "eum"
  }
},
{
  "model": "podcasts.tag",
  "pk": 55,
  "fields": {
    "created_at": "2025-11-18T19:44:15.976Z",
    "updated_at": "2025-11-18T19:44:15.977Z",
    "name": "odio"
  }
},
{
  "model": "podcasts.tag",
  "pk": 56,
  "fields": {
    "created_at": "2025-11-18T19:44:15.976Z",
    "updated_at": "2025-11-18T19:44:15.977Z",
    "name": "laboriosam24"
  }
},
{
  "model": "podcasts.tag",
  "pk": 57,
  "fields": {
    "created_at": "2025-11-18T19:44:15.976Z",
    "updated_at": "2025-11-18T19:44:15.977Z",
    "name": "placeat58"
  }
},
{
  "model": "podcasts.tag",
  "pk": 58,
  "fields": {
    "created_at": "2025-11-18T19:44:15.976Z",
    "updated_at": "2025-11-18T19:44:15.977Z",
    "name": "corrupti82"
  }
},
{
  "model": "podcasts.tag",
  "pk": 59,
  "fields": {
    "created_at": "2025-11-18T19:44:15.976Z",
    "updated_at": "2025-11-18T19:44:15.977Z",
    "name": "ratione"
  }
},
{
  "model": "podcasts.tag",
  "pk": 60,
  "fields": {
    "created_at": "2025-11-18T19:44:15.976Z",
    "updated_at": "2025-11-18T19:44:15.977Z",
    "name": "quam68"
  }
},
{
  "model": "podcasts.tag",
  "pk": 61,
  "fields": {
    "created_at": "2025-11-18T19:44:15.976Z",
    "updated_at": "2025-11-18T19:44:15.977Z",
    "name": "delectus"
  }
},
{
  "model": "podcasts.tag",
  "pk": 62,
  "fields": {
    "created_at": "2025-11-18T19:44:15.976Z",
    "updated_at": "2025-11-18T19:44:15.977Z",
    "name": "nisi"
  }
},
{
  "model": "podcasts.tag",
  "pk": 63,
  "fields": {
    "created_at": "2025-11-18T19:44:15.976Z",
    "updated_at": "2025-11-18T19:44:15.977Z",
    "name": "nesciunt12"
  }
},
{
  "model": "podcasts.tag",
  "pk": 64,
  "fields": {
    "created_at": "2025-11-18T19:44:15.976Z",
    "updated_at": "2025-11-18T19:44:15.977Z",
    "name": "ex43"
  }
},
{
  "model": "podcasts.tag",
  "pk": 65,
  "fields": {
    "created_at": "2025-11-18T19:44:15.976Z",
    "updated_at": "2025-11-18T19:44:15.977Z",
    "name": "iusto"
  }
},
{
  "model": "podcasts.tag",
  "pk": 66,
  "fields": {
    "created_at": "2025-11-18T19:44:15.976Z",
    "updated_at": "2025-11-18T19:44:15.977Z",
    "name": "accusantium"
  }
},
{
  "model": "podcasts.tag",
  "pk": 67,
  "fields": {
    "created_at": "2025-11-18T19:44:15.976Z",
    "updated_at": "2025-11-18T19:44:15.977Z",
    "name": "temporibus55"
  }
},
{
  "model": "podcasts.tag",
  "pk": 68,
  "fields": {
    "created_at": "2025-11-18T19:44:15.976Z",
    "updated_at": "2025-11-18T19:44:15.977Z",
    "name": "quod"
  }
},
{
  "model": "podcasts.tag",
  "pk": 69,
  "fields": {
    "created_at": "2025-11-18T19:44:15.976Z",
    "updated_at": "2025-11-18T19:44:15.977Z",
    "name": "necessitatibus"
  }
},
{
  "model": "podcasts.tag",
  "pk": 70,
  "fields": {
    "created_at": "2025-11-18T19:44:15.976Z",
    "updated_at": "2025-11-18T19:44:15.977Z",
    "name": "provident"
  }
},
{
  "model": "podcasts.tag",
  "pk": 71,
  "fields": {
    "created_at": "2025-11-18T19:44:15.976Z",
    "updated_at": "2025-11-18T19:44:15.977Z",
    "name": "aperiam"
  }
},
{
  "model": "podcasts.tag",
  "pk": 72,
  "fields": {
    "created_at": "2025-11-18T19:44:15.976Z",
    "updated_at": "2025-11-18T19:44:15.977Z",
    "name": "eius44"
  }
},
{
  "model": "podcasts.tag",
  "pk": 73,
  "fields": {
    "created_at": "2025-11-18T19:44:15.976Z",
    "updated_at": "2025-11-18T19:44:15.977Z",
    "name": "similique"
  }
},
{
  "model": "podcasts.tag",
  "pk": 74,
  "fields": {
    "created_at": "2025-11-18T19:44:15.976Z",
    "updated_at": "2025-11-18T19:44:15.977Z",
    "name": "error"
  }
},
{
  "model": "podcasts.tag",
  "pk": 75,
  "fields": {
    "created_at": "2025-11-18T19:44:15.976Z",
    "updated_at": "2025-11-18T19:44:15.977Z",
    "name": "iure"
  }
},
{
  "model": "podcasts.tag",
  "pk": 76,
  "fields": {
    "created_at": "2025-11-18T19:44:15.976Z",
    "updated_at": "2025-11-18T19:44:15.977Z",
    "name": "similique93"
  }
},
{
  "model": "podcasts.tag",
  "pk": 77,
  "fields": {
    "created_at": "2025-11-18T19:44:15.976Z",
    "updated_at": "2025-11-18T19:44:15.977Z",
    "name": "nesciunt"
  }
},
{
  "model": "podcasts.tag",
  "pk": 78,
  "fields": {
    "created_at": "2025-11-18T19:44:15.976Z",
    "updated_at": "2025-11-18T19:44:15.977Z",
    "name": "illo"
  }
},
{
  "model": "podcasts.tag",
  "pk": 79,
  "fields": {
    "created_at": "2025-11-18T19:44:15.976Z",
    "updated_at": "2025-11-18T19:44:15.977Z",
    "name": "fugit"
  }
},
{
  "model": "podcasts.tag",
  "pk": 80,
  "fields": {
    "created_at": "2025-11-18T19:44:15.976Z",
    "updated_at": "2025-11-18T19:44:15.977Z",
    "name": "ipsum"
  }
},
{
  "model": "podcasts.tag",
  "pk": 81,
  "fields": {
    "created_at": "2025-11-18T19:44:15.976Z",
    "updated_at": "2025-11-18T19:44:15.977Z",
    "name": "vitae"
  }
},
{
  "model": "podcasts.tag",
  "pk": 82,
  "fields": {
    "created_at": "2025-11-18T19:44:15.976Z",
    "updated_at": "2025-11-18T19:44:15.977Z",
    "name": "tempora86"
  }
},
{
  "model": "podcasts.tag",
  "pk": 83,
  "fields": {
    "created_at": "2025-11-18T19:44:15.976Z",
    "updated_at": "2025-11-18T19:44:15.977Z",
    "name": "expedita"
  }
},
{
  "model": "podcasts.tag",
  "pk": 84,
  "fields": {
    "created_at": "2025-11-18T19:44:15.976Z",
    "updated_at": "2025-11-18T19:44:15.977Z",
    "name": "soluta61"
  }
},
{
  "model": "podcasts.tag",
  "pk": 85,
  "fields": {
    "created_at": "2025-11-18T19:44:15.976Z",
    "updated_at": "2025-11-18T19:44:15.977Z",
    "name": "inventore87"
  }
},
{
  "model": "podcasts.tag",
  "pk": 86,
  "fields": {
    "created_at": "2025-11-18T19:44:15.976Z",
    "updated_at": "2025-11-18T19:44:15.977Z",
    "name": "quia"
  }
},
{
  "model": "podcasts.tag",
  "pk": 87,
  "fields": {
    "created_at": "2025-11-18T19:44:15.976Z",
    "updated_at": "2025-11-18T19:44:15.977Z",
    "name": "saepe41"
  }
},
{
  "model": "podcasts.tag",
  "pk": 88,
  "fields": {
    "created_at": "2025-11-18T19:44:15.976Z",
    "updated_at": "2025-11-18T19:44:15.977Z",
    "name": "iste"
  }
},
{
  "model": "podcasts.tag",
  "pk": 89,
  "fields": {
    "created_at": "2025-11-18T19:44:15.976Z",
    "updated_at": "2025-11-18T19:44:15.977Z",
    "name": "facilis88"
  }
},
{
  "model": "podcasts.tag",
  "pk": 90,
  "fields": {
    "created_at": "2025-11-18T19:44:15.976Z",
    "updated_at": "2025-11-18T19:44:15.977Z",
    "name": "possimus"
  }
},
{
  "model": "podcasts.tag",
  "pk": 91,
  "fields": {
    "created_at": "2025-11-18T19:44:15.976Z",
    "updated_at": "2025-11-18T19:44:15.977Z",
    "name": "omnis"
  }
},
{
  "model": "podcasts.tag",
  "pk": 92,
  "fields": {
    "created_at": "2025-11-18T19:44:15.976Z",
    "updated_at": "2025-11-18T19:44:15.977Z",
    "name": "enim"
  }
},
{
  "model": "podcasts.tag",
  "pk": 93,
  "fields": {
    "created_at": "2025-11-18T19:44:15.976Z",
    "updated_at": "2025-11-18T19:44:15.977Z",
    "name": "recusandae"
  }
},
{
  "model": "podcasts.tag",
  "pk": 94,
  "fields": {
    "created_at": "2025-11-18T19:44:15.976Z",
    "updated_at": "2025-11-18T19:44:15.977Z",
    "name": "vero"
  }
},
{
  "model": "podcasts.tag",
  "pk": 95,
  "fields": {
    "created_at": "2025-11-18T19:44:15.976Z",
    "updated_at": "2025-11-18T19:44:15.977Z",
    "name": "quo92"
  }
},
{
  "model": "podcasts.tag",
  "pk": 96,
  "fields": {
    "created_at": "2025-11-18T19:44:15.976Z",
    "updated_at": "2025-11-18T19:44:15.977Z",
    "name": "rem"
  }
},
{
  "model": "podcasts.tag",
  "pk": 97,
  "fields": {
    "created_at": "2025-11-18T19:44:15.976Z",
    "updated_at": "2025-11-18T19:44:15.977Z",
    "name": "ipsam67"
  }
},
{
  "model": "podcasts.tag",
  "pk": 98,
  "fields": {
    "created_at": "2025-11-18T19:44:15.976Z",
    "updated_at": "2025-11-18T19:44:15.977Z",
    "name": "atque"
  }
},
{
  "model": "podcasts.tag",
  "pk": 99,
  "fields": {
    "created_at": "2025-11-18T19:44:15.976Z",
    "updated_at": "2025-11-18T19:44:15.977Z",
    "name": "dignissimos"
  }
},
{
  "model": "podcasts.tag",
  "pk": 100,
  "fields": {
    "created_at": "2025-11-18T19:44:15.976Z",
    "updated_at": "2025-11-18T19:44:15.977Z",
    "name": "veritatis"
  }
},
{
  "model": "podcasts.tag",
  "pk": 101,
  "fields": {
    "created_at": "2025-11-18T19:44:15.976Z",
    "updated_at": "2025-11-18T19:44:15.977Z",
    "name": "dolorem49"
  }
},
{
  "model": "podcasts.tag",
  "pk": 102,
  "fields": {
    "created_at": "2025-11-18T19:44:15.976Z",
    "updated_at": "2025-11-18T19:44:15.977Z",
    "name": "at"
  }
},
{
  "model": "podcasts.tag",
  "pk": 103,
  "fields": {
    "created_at": "2025-11-18T19:44:15.976Z",
    "updated_at": "2025-11-18T19:44:15.977Z",
    "name": "iste98"
  }
},
{
  "model": "podcasts.episode",
  "pk": 1,
  "fields": {
    "title": "Welcome to Dev Talk",
    "link": "https://example.com/devtalk/1",
    "description": "Intro episode about the podcast",
    "published": "2025-11-18T19:38:21.337Z",
    "enclosure": null,
    "to_json": null,
    "podcast": 1,
    "tags": [
      2
    ]
  }
},
{
  "model": "podcasts.episode",
  "pk": 2,
  "fields": {
    "title": "Python Tips",
    "link": "https://example.com/devtalk/2",
    "description": "Quick Python tips and tricks",
    "published": "2025-11-18T19:38:21.337Z",
    "enclosure": null,
    "to_json": null,
    "podcast": 1,
    "tags": [
      2,
      3
    ]
  }
},
{
  "model": "podcasts.episode",
  "pk": 3,
  "fields": {
    "title": "Manchete do dia",
    "link": "https://example.com/noticias/1",
    "description": "Resumo das principais notícias",
    "published": "2025-11-18T19:38:21.337Z",
    "enclosure": null,
    "to_json": null,
    "podcast": 2,
    "tags": [
      1
    ]
  }
},
{
  "model": "podcasts.episode",
  "pk": 4,
  "fields": {
    "title": "Quia sunt ipsum aperiam quia deleniti.",
    "link": "https://example.com/qui-dignissimos-nam/18bf186e-0e1a-4aa5-a228-51efd244660b",
    "description": "Deleniti necessitatibus ipsam qui. Deleniti mollitia quidem iure ipsum.",
    "published": "2025-11-18T19:44:15.960Z",
    "enclosure": null,
    "to_json": null,
    "podcast": 12,
    "tags": [
      15,
      48
    ]
  }
},
{
  "model": "podcasts.episode",
  "pk": 5,
  "fields": {
    "title": "Molestias aliquid est esse dolorum consequatur.",
    "link": "https://example.com/animi-et-veniam/be1dd3f3-b478-43bd-a5bf-259cbf718d38",
    "description": "A laborum quibusdam nihil maiores repudiandae odio quam. Velit sit ratione veritatis voluptatem odit voluptas. Facere delectus pariatur perspiciatis.",
    "published": "2025-11-18T19:44:15.960Z",
    "enclosure": null,
    "to_json": null,
    "podcast": 12,
    "tags": [
      41,
      54,
      74
    ]
  }
},
{
  "model": "podcasts.episode",
  "pk": 6,
  "fields": {
    "title": "Quae dolorem nemo molestiae.",
    "link": "https://example.com/nihil-sequi-esse/34c8a96a-d0ff-4028-8680-019d4a33a9d4",
    "description": "Veritatis accusamus beatae non facilis vel. Necessitatibus non necessitatibus incidunt laborum provident assumenda.",
    "published": "2025-11-18T19:44:15.960Z",
    "enclosure": null,
    "to_json": null,
    "podcast": 12,
    "tags": [
      42,
      75,
      80
    ]
  }
},
{
  "model": "podcasts.episode",
  "pk": 7,
  "fields": {
    "title": "Quaerat quod perferendis dicta mollitia unde.",
    "link": "https://example.com/officiis-neque-ad/15291947-a941-447b-8ef6-bea8277f1ddb",
    "description": "Ad aut voluptatum porro. Recusandae voluptate dolores velit. Nobis aspernatur et eius dolore in. Blanditiis ipsa voluptate unde in eveniet voluptatibus.",
    "published": "2025-11-18T19:44:15.960Z",
    "enclosure": null,
    "to_json": null,
    "podcast": 12,
    "tags": [
      64,
      79
    ]
  }
},
{
  "model": "podcasts.episode",
  "pk": 8,
  "fields": {
    "title": "Nisi error dolore a aliquid beatae veniam magni.",
    "link": "https://example.com/sunt-eligendi-illo/e041f218-e0de-4353-848e-6ab06f133504",
    "description": "Dolorum odio dolor similique odio ducimus omnis. Accusamus sapiente facere perspiciatis ipsam cum hic. Explicabo animi quo nemo aspernatur esse.",
    "published": "2025-11-18T19:44:15.960Z",
    "enclosure": null,
    "to_json": null,
    "podcast": 12,
    "tags": [
      28,
      47,
      55,
      74,
      81,
      82
    ]
  }
},
{
  "model": "podcasts.episode",
  "pk": 9,
  "fields": {
    "title": "Nesciunt in ullam recusandae dolorem.",
    "link": "https://example.com/quam-tempora/60b39d69-f034-4cf1-a425-be04536d2292",
    "description": "Dolores ullam reprehenderit velit esse. Quasi corrupti consequuntur iste.",
    "published": "2025-11-18T19:44:15.960Z",
    "enclosure": null,
    "to_json": null,
    "podcast": 11,
    "tags": [
      48,
      50,
      86
    ]
  }
},
{
  "model": "podcasts.episode",
  "pk": 10,
  "fields": {
    "title": "Dignissimos quidem facilis non.",
    "link": "https://example.com/iste-officia-quis/fc5726a7-ac9f-4c2f-91fe-f869e0f84d2e",
    "description": "Dolores tempore vitae itaque nulla. Aspernatur consectetur amet aut assumenda illum.",
    "published": "2025-11-18T19:44:15.960Z",
    "enclosure": null,
    "to_json": null,
    "podcast": 11,
    "tags": [
      38,
      99,
      103
    ]
  }
},
{
  "model": "podcasts.episode",
  "pk": 11,
  "fields": {
    "title": "Nam dolorem ratione dolore doloremque ducimus.",
    "link": "https://example.com/alias-odio-eius/ce98f278-7166-46a0-9bac-4fb777637403",
    "description": "Eaque quibusdam voluptatum quisquam vero.",
    "published": "2025-11-18T19:44:15.960Z",
    "enclosure": null,
    "to_json": null,
    "podcast": 11,
    "tags": [
      39
    ]
  }
},
{
  "model": "podcasts.episode",
  "pk": 12,
  "fields": {
    "title": "Repellat ex nobis aut perferendis optio.",
    "link": "https://example.com/beatae-explicabo/cc99b60e-d183-4b2b-a176-dda5e1f44d7d",
    "description": "Dolorem debitis ut esse possimus quisquam. Autem alias id nostrum id enim totam.",
    "published": "2025-11-18T19:44:15.960Z",
    "enclosure": null,
    "to_json": null,
    "podcast": 11,
    "tags": [
      29
    ]
  }
},
{
  "model": "podcasts.episode",
  "pk": 13,
  "fields": {
    "title": "Quas laboriosam iure facere voluptates repellat hic.",
    "link": "https://example.com/veniam-quos-neque/32fc1250-f2ea-49eb-9aca-62a930cb7898",
    "description": "Rerum reiciendis quia minima explicabo consectetur ducimus omnis. Quasi nesciunt corrupti at totam cupiditate quam. Voluptatum nihil sequi dolorum et.",
    "published": "2025-11-18T19:44:15.960Z",
    "enclosure": null,
    "to_json": null,
    "podcast": 11,
    "tags": [
      21
    ]
  }
},
{
  "model": "podcasts.episode",
  "pk": 14,
  "fields": {
    "title": "Quod tenetur molestias aliquam nihil libero dolorum.",
    "link": "https://example.com/quisquam-itaque/ee2f42e4-1266-434e-bdc7-79e2eb3288be",
    "description": "Vitae perferendis dolore beatae. Aliquid perspiciatis dicta corporis voluptas quisquam nulla.",
    "published": "2025-11-18T19:44:15.960Z",
    "enclosure": null,
    "to_json": null,
    "podcast": 10,
    "tags": [
      42,
      73
    ]
  }
},
{
  "model": "podcasts.episode",
  "pk": 15,
  "fields": {
    "title": "Perspiciatis blanditiis maiores ad voluptatem.",
    "link": "https://example.com/illo-dolore-error/3281f5fd-95d0-47b1-b80e-eb67d0ce00b9",
    "description": "Possimus illo rem voluptate fugiat nostrum voluptas. Blanditiis magnam nobis nemo occaecati iste. Iure neque delectus maxime sed iste.",
    "published": "2025-11-18T19:44:15.960Z",
    "enclosure": null,
    "to_json": null,
    "podcast": 10,
    "tags": [
      41,
      67,
      76
    ]
  }
},
{
  "model": "podcasts.episode",
  "pk": 16,
  "fields": {
    "title": "Consectetur omnis ea totam corporis.",
    "link": "https://example.com/laborum-officia/622baa7a-d766-4d1a-97e0-f92bb27ac2d0",
    "description": "Deleniti consectetur eum sit unde. Optio quaerat repudiandae modi ratione accusantium.",
    "published": "2025-11-18T19:44:15.960Z",
    "enclosure": null,
    "to_json": null,
    "podcast": 10,
    "tags": [
      15,
      71
    ]
  }
},
{
  "model": "podcasts.episode",
  "pk": 17,
  "fields": {
    "title": "Beatae hic et nesciunt.",
    "link": "https://example.com/itaque-facilis/347c0750-e790-4325-a647-6a54ff46a02f",
    "description": "At atque consequuntur animi deserunt quae excepturi. Laborum quibusdam explicabo exercitationem dignissimos quas.",
    "published": "2025-11-18T19:44:15.960Z",
    "enclosure": null,
    "to_json": null,
    "podcast": 10,
    "tags": [
      86,
      94
    ]
  }
},
{
  "model": "podcasts.episode",
  "pk": 18,
  "fields": {
    "title": "Molestias molestias repudiandae quaerat ipsa dicta.",
    "link": "https://example.com/cum-assumenda/38f53343-a9c5-43ca-93f3-e1d759e1e7c7",
    "description": "Labore neque perferendis dolore cum quidem ratione sed. Animi earum esse itaque maxime autem delectus. Doloribus recusandae beatae expedita.",
    "published": "2025-11-18T19:44:15.960Z",
    "enclosure": null,
    "to_json": null,
    "podcast": 10,
    "tags": [
      97
    ]
  }
},
{
  "model": "podcasts.episode",
  "pk": 19,
  "fields": {
    "title": "Beatae minima illum vitae dicta odit suscipit reiciendis.",
    "link": "https://example.com/deserunt-et-cum/fb605b12-f35c-4fee-b982-bd2011823478",
    "description": "Nemo similique quae minus molestiae illo. Harum libero eaque odit repudiandae nisi animi.",
    "published": "2025-11-18T19:44:15.960Z",
    "enclosure": null,
    "to_json": null,
    "podcast": 9,
    "tags": [
      6,
      9,
      10
    ]
  }
},
{
  "model": "podcasts.episode",
  "pk": 20,
  "fields": {
    "title": "Iste quaerat rem quod repellat.",
    "link": "https://example.com/id-similique-enim/8ee33df9-b16b-48e2-98a6-694ce0c1a1ec",
    "description": "Quaerat deserunt rem. Maxime ipsa aliquid praesentium.",
    "published": "2025-11-18T19:44:15.960Z",
    "enclosure": null,
    "to_json": null,
    "podcast": 9,
    "tags": [
      6
    ]
  }
},
{
  "model": "podcasts.episode",
  "pk": 21,
  "fields": {
    "title": "Ipsum omnis harum cupiditate maxime est eaque.",
    "link": "https://example.com/harum-incidunt-iure/9c3fc69f-f0f2-4b51-963f-301554e81009",
    "description": "Perferendis harum tenetur sequi voluptatem culpa. Animi totam nam dignissimos.",
    "published": "2025-11-18T19:44:15.960Z",
    "enclosure": null,
    "to_json": null,
    "podcast": 9,
    "tags": [
      4,
      28,
      45
    ]
  }
},
{
  "model": "podcasts.episode",
  "pk": 22,
  "fields": {
    "title": "Odit sint cupiditate aut.",
    "link": "https://example.com/consectetur/c37566e2-4720-4b68-b705-21832c2c8efa",
    "description": "Alias quibusdam veritatis molestias. Rem ipsa corrupti facere.",
    "published": "2025-11-18T19:44:15.960Z",
    "enclosure": null,
    "to_json": null,
    "podcast": 9,
    "tags": [
      10,
      40
    ]
  }
},
{
  "model": "podcasts.episode",
  "pk": 23,
  "fields": {
    "title": "Dolorum libero debitis consectetur ipsam.",
    "link": "https://example.com/officiis-ratione/f32f45bc-ddd7-4bc7-a2e7-ce20ac916206",
    "description": "Quas recusandae asperiores animi minima atque. Laboriosam eligendi tempore nostrum reiciendis architecto suscipit minus.",
    "published": "2025-11-18T19:44:15.960Z",
    "enclosure": null,
    "to_json": null,
    "podcast": 9,
    "tags": [
      27
    ]
  }
},
{
  "model": "podcasts.episode",
  "pk": 24,
  "fields": {
    "title": "Impedit quibusdam suscipit eos doloremque aliquam.",
    "link": "https://example.com/quo-numquam-nemo/67ee3276-b67e-410a-82b5-b974ceffcdeb",
    "description": "Maxime repellendus voluptates sequi. Quidem amet necessitatibus sint tempore laudantium.",
    "published": "2025-11-18T19:44:15.960Z",
    "enclosure": null,
    "to_json": null,
    "podcast": 8,
    "tags": [
      9,
      37,
      101
    ]
  }
},
{
  "model": "podcasts.episode",
  "pk": 25,
  "fields": {
    "title": "Provident asperiores dolor magni enim expedita.",
    "link": "https://example.com/odit-ab-repellat/577c4fe5-620a-482b-ad7b-19046759ab41",
    "description": "Distinctio veniam doloribus eum.",
    "published": "2025-11-18T19:44:15.960Z",
    "enclosure": null,
    "to_json": null,
    "podcast": 8,
    "tags": [
      74
    ]
  }
},
{
  "model": "podcasts.episode",
  "pk": 26,
  "fields": {
    "title": "Consequatur libero ut reiciendis repudiandae voluptatum beatae.",
    "link": "https://example.com/necessitatibus-sed/1fc26394-0945-4d4e-9664-ff472cfde542",
    "description": "Minima sint mollitia doloribus reiciendis molestiae. Tempora dolor ratione a. Sapiente sunt repellat autem laudantium quam necessitatibus.",
    "published": "2025-11-18T19:44:15.960Z",
    "enclosure": null,
    "to_json": null,
    "podcast": 8,
    "tags": [
      49,
      55,
      77,
      102
    ]
  }
},
{
  "model": "podcasts.episode",
  "pk": 27,
  "fields": {
    "title": "Consequuntur cupiditate eum quam totam quaerat ea maiores.",
    "link": "https://example.com/ullam-optio-a-in/ac9d1e0a-aaea-4b8c-8f21-0eabb069b1e4",
    "description": "Et dignissimos voluptates omnis. Tempora ducimus consequatur dicta.",
    "published": "2025-11-18T19:44:15.960Z",
    "enclosure": null,
    "to_json": null,
    "podcast": 8,
    "tags": [
      62,
      89,
      93
    ]
  }
},
{
  "model": "podcasts.episode",
  "pk": 28,
  "fields": {
    "title": "Dicta perferendis cumque quas odio eius tempore.",
    "link": "https://example.com/quas-aut-commodi/5b2cc1df-9cf2-426e-8ca3-8bf90444ef17",
    "description": "Vero minus iure nemo ex excepturi cumque. Distinctio ipsum ex assumenda possimus quo iste.",
    "published": "2025-11-18T19:44:15.960Z",
    "enclosure": null,
    "to_json": null,
    "podcast": 8,
    "tags": [
      55,
      79
    ]
  }
},
{
  "model": "podcasts.episode",
  "pk": 29,
  "fields": {
    "title": "Ipsam et officiis qui exercitationem officiis.",
    "link": "https://example.com/temporibus/1c110926-acfc-4b24-a635-4ffced16e2ba",
    "description": "Voluptates quibusdam voluptatibus possimus doloribus minima cupiditate. Dolor ipsam deleniti quod totam earum corrupti.",
    "published": "2025-11-18T19:44:15.960Z",
    "enclosure": null,
    "to_json": null,
    "podcast": 7,
    "tags": [
      86,
      102
    ]
  }
},
{
  "model": "podcasts.episode",
  "pk": 30,
  "fields": {
    "title": "Autem facere omnis inventore.",
    "link": "https://example.com/vero-numquam-rem/4741bfb1-b2f2-4a9b-8240-a84e227fb436",
    "description": "Blanditiis amet temporibus enim dicta vel maxime neque. Qui veniam reiciendis ipsam illo dolor dolores. Dolor iure aliquam totam quae odit.",
    "published": "2025-11-18T19:44:15.960Z",
    "enclosure": null,
    "to_json": null,
    "podcast": 7,
    "tags": [
      18,
      66,
      83
    ]
  }
},
{
  "model": "podcasts.episode",
  "pk": 31,
  "fields": {
    "title": "Possimus voluptatem dolores corporis explicabo itaque commodi rem.",
    "link": "https://example.com/repellat-quidem/0f1b77f3-54fa-4282-8024-7b0548eb3012",
    "description": "Voluptate id eveniet voluptatem eum. Vero commodi asperiores. Alias corrupti eaque earum veritatis at distinctio.",
    "published": "2025-11-18T19:44:15.960Z",
    "enclosure": null,
    "to_json": null,
    "podcast": 7,
    "tags": [
      30,
      43,
      99
    ]
  }
},
{
  "model": "podcasts.episode",
  "pk": 32,
  "fields": {
    "title": "Porro impedit facere saepe odio.",
    "link": "https://example.com/eveniet-nihil/9475f1d4-dbea-411b-8eb9-099e5713acdc",
    "description": "Blanditiis iusto reprehenderit voluptate. Sint odit accusamus officiis deleniti maxime. Cum sed omnis atque voluptatem iure iste.",
    "published": "2025-11-18T19:44:15.960Z",
    "enclosure": null,
    "to_json": null,
    "podcast": 7,
    "tags": [
      59,
      87
    ]
  }
},
{
  "model": "podcasts.episode",
  "pk": 33,
  "fields": {
    "title": "Et natus alias velit.",
    "link": "https://example.com/quaerat-at-porro/35d978c7-1980-458d-9c83-b5a95721d510",
    "description": "Totam nihil voluptates aut. Suscipit numquam sunt modi officiis dolores.",
    "published": "2025-11-18T19:44:15.960Z",
    "enclosure": null,
    "to_json": null,
    "podcast": 7,
    "tags": [
      13,
      36,
      72,
      83
    ]
  }
},
{
  "model": "podcasts.episode",
  "pk": 34,
  "fields": {
    "title": "Dolores distinctio occaecati doloremque ducimus.",
    "link": "https://example.com/deleniti-illo/66387572-bf46-47e0-9a63-fa49291ceafa",
    "description": "Ut sit labore in tempora. In quam explicabo excepturi dignissimos. Temporibus iste exercitationem.",
    "published": "2025-11-18T19:44:15.960Z",
    "enclosure": null,
    "to_json": null,
    "podcast": 6,
    "tags": [
      41,
      53,
      92
    ]
  }
},
{
  "model": "podcasts.episode",
  "pk": 35,
  "fields": {
    "title": "Voluptas maxime numquam soluta dolorem in.",
    "link": "https://example.com/delectus-doloribus/d560ebba-3601-481b-bd2b-e86a2cd67bb6",
    "description": "Est odit iure soluta saepe. Explicabo commodi voluptatibus.",
    "published": "2025-11-18T19:44:15.960Z",
    "enclosure": null,
    "to_json": null,
    "podcast": 6,
    "tags": [
      71,
      100
    ]
  }
},
{
  "model": "podcasts.episode",
  "pk": 36,
  "fields": {
    "title": "Iste neque esse aspernatur in necessitatibus perspiciatis.",
    "link": "https://example.com/laborum-vitae-velit/da615a2b-596e-4d1a-b83e-0c60cc6e178f",
    "description": "Tenetur magni veniam esse.",
    "published": "2025-11-18T19:44:15.960Z",
    "enclosure": null,
    "to_json": null,
    "podcast": 6,
    "tags": [
      4,
      37,
      96
    ]
  }
},
{
  "model": "podcasts.episode",
  "pk": 37,
  "fields": {
    "title": "Fugiat voluptatum officiis accusamus repellat debitis.",
    "link": "https://example.com/eaque-numquam-esse/3267aaa3-6d8c-440e-ae8e-2ed1f34240c4",
    "description": "Minima unde ut. Magni nostrum velit veniam magnam eius dolores. Fugiat earum unde omnis similique. Quia exercitationem facilis occaecati ullam.",
    "published": "2025-11-18T19:44:15.960Z",
    "enclosure": null,
    "to_json": null,
    "podcast": 6,
    "tags": [
      71
    ]
  }
},
{
  "model": "podcasts.episode",
  "pk": 38,
  "fields": {
    "title": "Amet molestiae possimus maiores impedit.",
    "link": "https://example.com/et-iusto-quam/cc707211-1a64-4f81-b14b-ba36e1e5f05e",
    "description": "Quis aperiam mollitia velit. Voluptates consectetur quidem deserunt illo aliquam totam ducimus.",
    "published": "2025-11-18T19:44:15.960Z",
    "enclosure": null,
    "to_json": null,
    "podcast": 6,
    "tags": [
      47,
      48
    ]
  }
},
{
  "model": "podcasts.episode",
  "pk": 39,
  "fields": {
    "title": "Unde suscipit molestiae cum.",
    "link": "https://example.com/eius-quidem-numquam/75e5f68f-c58e-4281-9969-22566352ff49",
    "description": "Saepe magnam natus corrupti ratione sequi quibusdam soluta. Fugit beatae harum. Ad unde atque inventore fugiat.",
    "published": "2025-11-18T19:44:15.960Z",
    "enclosure": null,
    "to_json": null,
    "podcast": 5,
    "tags": [
      22,
      86,
      92
    ]
  }
},
{
  "model": "podcasts.episode",
  "pk": 40,
  "fields": {
    "title": "Tempore voluptate vero tempore quia nihil alias.",
    "link": "https://example.com/accusantium/2908884d-4ca8-487f-abad-9b2913ea1074",
    "description": "Tempora accusantium a dignissimos sint temporibus asperiores quas. Placeat dolor possimus facere fugiat nemo inventore numquam. Sequi aut tempora nulla qui.",
    "published": "2025-11-18T19:44:15.960Z",
    "enclosure": null,
    "to_json": null,
    "podcast": 5,
    "tags": [
      75,
      77,
      82
    ]
  }
},
{
  "model": "podcasts.episode",
  "pk": 41,
  "fields": {
    "title": "Sint facere quam provident.",
    "link": "https://example.com/impedit-neque/57f12013-b8dd-48f5-95c6-e7970e7cd76d",
    "description": "Sit magni ratione cum. A nihil a illo alias illo voluptas. Atque placeat modi. Adipisci sunt neque ipsum commodi veritatis.",
    "published": "2025-11-18T19:44:15.960Z",
    "enclosure": null,
    "to_json": null,
    "podcast": 5,
    "tags": [
      64
    ]
  }
},
{
  "model": "podcasts.episode",
  "pk": 42,
  "fields": {
    "title": "Optio earum nostrum voluptate.",
    "link": "https://example.com/commodi-nobis-magni/de0ad9b3-ea33-4ece-a525-f565b4e2bdec",
    "description": "Deserunt impedit delectus magnam. Mollitia magni dicta. Cupiditate quam vel tenetur perspiciatis.",
    "published": "2025-11-18T19:44:15.960Z",
    "enclosure": null,
    "to_json": null,
    "podcast": 5,
    "tags": [
      9,
      76,
      101,
      102
    ]
  }
},
{
  "model": "podcasts.episode",
  "pk": 43,
  "fields": {
    "title": "At doloremque numquam.",
    "link": "https://example.com/dolor-voluptatum/9f6c8ee1-db03-4939-8ac0-6c0cbdc9590c",
    "description": "Aliquam ipsa aliquid iure facilis. Ea ex id vel error doloribus labore. Illum quidem non dolores quo.",
    "published": "2025-11-18T19:44:15.960Z",
    "enclosure": null,
    "to_json": null,
    "podcast": 5,
    "tags": [
      56,
      61,
      83,
      99
    ]
  }
},
{
  "model": "podcasts.episode",
  "pk": 44,
  "fields": {
    "title": "Nisi eos commodi at.",
    "link": "https://example.com/aliquid-officiis/80620845-ffca-4d53-bac5-d6eb16710b29",
    "description": "Recusandae dignissimos ipsa tempore id. Suscipit vel ab voluptates consequuntur. Quod placeat tempore expedita.",
    "published": "2025-11-18T19:44:15.960Z",
    "enclosure": null,
    "to_json": null,
    "podcast": 4,
    "tags": [
      17,
      19,
      82
    ]
  }
},
{
  "model": "podcasts.episode",
  "pk": 45,
  "fields": {
    "title": "Amet nisi iusto.",
    "link": "https://example.com/maxime-occaecati/1db1b2b0-71ec-45c3-b77d-f2b606e1118d",
    "description": "Sint perspiciatis minima eum dolor ducimus voluptatum.",
    "published": "2025-11-18T19:44:15.960Z",
    "enclosure": null,
    "to_json": null,
    "podcast": 4,
    "tags": [
      20,
      37,
      57,
      77
    ]
  }
},
{
  "model": "podcasts.episode",
  "pk": 46,
  "fields": {
    "title": "Laborum voluptas ducimus non id distinctio.",
    "link": "https://example.com/accusantium-magni/a6f372ff-3c4a-4969-b8d4-028a360ee2a5",
    "description": "Iste officiis natus dolorem harum veritatis aspernatur.",
    "published": "2025-11-18T19:44:15.960Z",
    "enclosure": null,
    "to_json": null,
    "podcast": 4,
    "tags": [
      15,
      17
    ]
  }
},
{
  "model": "podcasts.episode",
  "pk": 47,
  "fields": {
    "title": "Repudiandae dolore odit debitis ut eaque.",
    "link": "https://example.com/sint-ipsam-aut/e6576182-aad5-4086-a5ae-46a98ade93b3",
    "description": "Aut sit dolore quo et reiciendis. Maxime velit porro praesentium. Accusamus sint incidunt nihil inventore voluptate.",
    "published": "2025-11-18T19:44:15.960Z",
    "enclosure": null,
    "to_json": null,
    "podcast": 4,
    "tags": [
      28,
      73
    ]
  }
},
{
  "model": "podcasts.episode",
  "pk": 48,
  "fields": {
    "title": "Libero eos tempora porro repellendus debitis beatae.",
    "link": "https://example.com/hic-expedita/7cae0647-a76d-46ae-8123-53b134a7d6a5",
    "description": "Sit dolores in veritatis sunt. Ipsum nam cumque deleniti nobis cupiditate reiciendis.",
    "published": "2025-11-18T19:44:15.960Z",
    "enclosure": null,
    "to_json": null,
    "podcast": 4,
    "tags": [
      10,
      41,
      48,
      50
    ]
  }
},
{
  "model": "podcasts.episode",
  "pk": 49,
  "fields": {
    "title": "Maxime nisi dolores aut.",
    "link": "https://example.com/ex-quasi-voluptate/476874c5-5f2d-4de4-9bfe-90dd7b5bb356",
    "description": "Voluptatem dolorem quasi saepe dolorem ad. Fugit in aliquam ullam velit. Deleniti fugiat maiores culpa eius necessitatibus quibusdam.",
    "published": "2025-11-18T19:44:15.960Z",
    "enclosure": null,
    "to_json": null,
    "podcast": 3,
    "tags": [
      64
    ]
  }
},
{
  "model": "podcasts.episode",
  "pk": 50,
  "fields": {
    "title": "Quos veniam laboriosam provident aliquam dolorum molestiae.",
    "link": "https://example.com/deleniti-esse-vitae/22d2233e-0fbb-4048-a620-36871e18ab30",
    "description": "Iste quasi eligendi pariatur. Praesentium animi fugit corporis culpa.",
    "published": "2025-11-18T19:44:15.960Z",
    "enclosure": null,
    "to_json": null,
    "podcast": 3,
    "tags": [
      38,
      47,
      67
    ]
  }
},
{
  "model": "podcasts.episode",
  "pk": 51,
  "fields": {
    "title": "Numquam rerum impedit unde sed accusantium neque vel.",
    "link": "https://example.com/sequi-eligendi/0c2b0d2b-6431-4b42-8af7-e8aff955f532",
    "description": "Aliquam deleniti quasi asperiores suscipit facere necessitatibus. Laborum occaecati eveniet porro nam.",
    "published": "2025-11-18T19:44:15.960Z",
    "enclosure": null,
    "to_json": null,
    "podcast": 3,
    "tags": [
      16,
      66
    ]
  }
},
{
  "model": "podcasts.episode",
  "pk": 52,
  "fields": {
    "title": "Quod voluptatem quidem inventore culpa veritatis.",
    "link": "https://example.com/expedita-minus/8c6b429d-91b3-4daf-83f5-da0a1668fb6a",
    "description": "Deserunt rem occaecati explicabo eum libero est. Vel similique sint at vel. Sint quaerat ea deserunt. Error perferendis exercitationem cupiditate sequi.",
    "published": "2025-11-18T19:44:15.960Z",
    "enclosure": null,
    "to_json": null,
    "podcast": 3,
    "tags": [
      22,
      54,
      91
    ]
  }
},
{
  "model": "podcasts.episode",
  "pk": 53,
  "fields": {
    "title": "Illo nihil nulla doloribus.",
    "link": "https://example.com/assumenda/4e0c2857-2d67-4470-a618-a38af433dd41",
    "description": "Expedita vero odio maiores asperiores sequi dolorum eaque. Assumenda corporis quibusdam natus reprehenderit.",
    "published": "2025-11-18T19:44:15.960Z",
    "enclosure": null,
    "to_json": null,
    "podcast": 3,
    "tags": [
      42,
      43
    ]
  }
},
{
  "model": "podcasts.popularterm",
  "pk": 1,
  "fields": {
    "created_at": "2025-11-18T19:38:21.376Z",
    "updated_at": "2025-11-18T19:38:21.376Z",
    "term": "python",
    "times": 10,
    "date_search": "2025-11-18"
  }
},
{
  "model": "podcasts.popularterm",
  "pk": 2,
  "fields": {
    "created_at": "2025-11-18T19:38:21.377Z",
    "updated_at": "2025-11-18T19:38:21.377Z",
    "term": "django",
    "times": 5,
    "date_search": "2025-11-18"
  }
},
{
  "model": "podcasts.topicsuggestion",
  "pk": 1,
  "fields": {
    "created_at": "2025-11-18T19:38:21.380Z",
    "updated_at": "2025-11-18T19:38:21.380Z",
    "title": "Como testar APIs",
    "description": "Sugestões de tópicos para testar APIs",
    "is_recorded": false
  }
},
{
  "model": "podcasts.topicsuggestion",
  "pk": 2,
  "fields": {
    "created_at": "2025-11-18T19:44:16.015Z",
    "updated_at": "2025-11-18T19:44:16.015Z",
    "title": "Nisi ut nobis.",
    "description": "Quia iusto pariatur ut corrupti alias. Magnam itaque corrupti voluptas excepturi numquam adipisci.",
    "is_recorded": false
  }
},
{
  "model": "podcasts.topicsuggestion",
  "pk": 3,
  "fields": {
    "created_at": "2025-11-18T19:44:16.016Z",
    "updated_at": "2025-11-18T19:44:16.016Z",
    "title": "Illum impedit iste tenetur dolorum.",
    "description": "Illum iste possimus rerum nulla eligendi. Consequuntur possimus architecto quae dolor.",
    "is_recorded": false
  }
},
{
  "model": "podcasts.topicsuggestion",
  "pk": 4,
  "fields": {
    "created_at": "2025-11-18T19:44:16.017Z",
    "updated_at": "2025-11-18T19:44:16.017Z",
    "title": "Ipsam delectus atque consectetur.",
    "description": "Accusamus suscipit eaque doloribus. At reprehenderit distinctio autem quos atque corporis. Eligendi maxime dolorem nisi.",
    "is_recorded": false
  }
},
{
  "model": "podcasts.topicsuggestion",
  "pk": 5,
  "fields": {
    "created_at": "2025-11-18T19:44:16.018Z",
    "updated_at": "2025-11-18T19:44:16.018Z",
    "title": "Laudantium dolores tempore incidunt.",
    "description": "Commodi enim ducimus sint. Sunt pariatur totam tenetur quibusdam. Veritatis similique quo molestias iste. Tempora expedita fuga.",
    "is_recorded": false
  }
},
{
  "model": "podcasts.topicsuggestion",
  "pk": 6,
  "fields": {
    "created_at": "2025-11-18T19:44:16.020Z",
    "updated_at": "2025-11-18T19:44:16.020Z",
    "title": "Quasi quo alias quia.",
    "description": "Architecto expedita voluptatem cupiditate possimus reiciendis quia repudiandae. Fugit rerum assumenda expedita at. Eaque recusandae ea tempore.",
    "is_recorded": false
  }
}
]
